"CHR","BP","REF","tr_l","time","rep","P"
"3R",19132793,"G",2.26665162360745e-08,0.00536585665741556,0.0612441859114492,6.26651758087294e-14
"2L",8218713,"A",7.4153656970816e-140,4.32067303871024e-57,5.98851543960688e-28,1.02848771476193e-13
"2L",7984532,"A",2.30568292806484e-79,2.32154561197886e-26,6.13161607135618e-07,1.79817166002973e-12
"3L",15998836,"T",0.128062056157652,1.17189335524918e-05,0.000265593639928597,1.39473101992666e-11
"2L",8570569,"C",2.45874691162247e-123,8.92603120242595e-33,7.80241351083398e-17,1.72906244296522e-11
"3R",12148735,"A",0.0182230068283912,6.31877347873195e-07,0.415643207138469,2.50772243362768e-11
"2L",8443737,"C",6.13544812866904e-10,0.728110577699392,0.0176884867748039,1.25724668068644e-10
"2L",8921846,"T",1.36162169873071e-111,3.09461834058218e-34,3.15038096315004e-14,1.33397192949322e-10
"3R",15101472,"C",9.59533343947014e-12,2.40775323742613e-07,2.69764890414555e-05,2.03013951547475e-10
"2L",7164140,"C",3.88697127094891e-72,2.50035188647503e-19,6.65526007806965e-07,2.17483534539325e-10
"2L",7229020,"T",7.71838848179138e-150,7.22776505627767e-28,3.16967812778229e-09,3.32634331813156e-10
"2L",7488993,"C",8.06970301236499e-108,4.15232443912372e-15,7.36080410543154e-06,3.68583930667648e-10
"2L",8718869,"T",4.25014966568601e-115,5.84500814774031e-29,1.34627472168893e-08,3.74713560802191e-10
"2L",8949812,"G",5.82561918227952e-42,3.85885516898283e-16,0.000423998033561425,4.07364902952157e-10
"2L",7200731,"C",9.29984148040744e-87,7.9807869744101e-27,1.50843350204517e-07,7.01567929337732e-10
"X",4531667,"A",0.742952298161543,1.36879757946921e-05,0.0213238115346463,9.17777446793076e-10
"2L",7456067,"C",3.91512537730998e-132,1.08882263578835e-39,4.83226383007111e-09,1.264427353138e-09
"2L",8340642,"C",4.75452035044295e-77,1.8895347445786e-25,1.30109956420729e-09,1.47583363886494e-09
"2L",7984749,"C",3.84318809232018e-87,7.16280845715173e-28,2.665217995247e-11,1.4906886399135e-09
"2R",16937223,"C",0.270395095187348,3.60671077366739e-16,0.684440474204131,1.90013693066208e-09
"2L",8230221,"C",3.05548123527652e-62,8.65476560825884e-29,1.65902461272133e-09,1.96218350311529e-09
"3L",12482143,"C",4.62327996508479e-07,4.20219979927493e-10,0.540304058100687,2.80680193943763e-09
"3R",664343,"C",0.0923230249793497,0.509497842968831,0.0542526327645673,3.10247367850433e-09
"2L",7984569,"T",1.70879874776705e-63,4.39360509035641e-21,7.07708480888127e-07,4.28039662409808e-09
"3L",4374846,"T",0.707514198889628,0.000158351373437702,0.045543391548862,4.71695832643369e-09
"2L",8552272,"C",5.64173566546018e-146,1.36367954558182e-47,4.77894446441635e-16,4.88377007556588e-09
"2L",7564756,"G",2.75848847653527e-118,1.59992285733652e-27,2.77933190296517e-07,4.90688036318903e-09
"2L",7448521,"T",5.51074329134779e-53,4.75109226596986e-20,0.00124391850072715,5.08134741915963e-09
"2L",7257655,"A",6.33716478488427e-07,6.79366479409717e-18,0.440900017936806,5.20151273684353e-09
"3R",26133531,"T",0.0319863356240038,0.109364215571009,0.000166538593043012,5.86657253416091e-09
"3R",20688151,"A",1.21742717747391e-06,0.127476802093857,0.0305750394287056,5.86715665807234e-09
"2L",7430958,"A",1.65090714768223e-49,4.45669890004563e-13,0.0697374962317319,6.28239070160486e-09
"3R",14585426,"G",0.00239411597825607,0.700428612830511,1.1952128984237e-12,6.62303746740563e-09
"2L",8974571,"T",3.01733971889572e-96,5.02948569929263e-28,2.13043948408713e-17,7.07562125137242e-09
"2L",20497014,"C",0.0323121002383058,0.000103274159279425,0.592083495118939,7.43959753515207e-09
"3L",20824025,"C",1.03395958336811e-33,2.12514924496332e-34,0.000834368153934538,7.86385355175529e-09
"2L",8316117,"C",1.05619705077464e-91,9.7315501962623e-22,6.47381459247036e-14,8.28943689238573e-09
"2L",15195799,"A",0.000510836140396213,4.54262538637154e-14,1.12828552978727e-09,8.34840998464547e-09
